taxon,lfc_(Intercept),lfc_GroupT12,se_(Intercept),se_GroupT12,W_(Intercept),W_GroupT12,p_(Intercept),p_GroupT12,q_(Intercept),q_GroupT12,diff_(Intercept),diff_GroupT12,passed_ss_(Intercept),passed_ss_GroupT12,diff_robust_(Intercept),diff_robust_GroupT12,fdr_significant
Erysipelotrichaceae UCG-003,0.475622335565951,-1.68027145500811,0.499538719482643,0.408484315562807,0.952123062769868,-4.11342955161705,0.370845181311996,0.0393483877224814,0.991595306679159,0.463242522344747,FALSE,FALSE,TRUE,TRUE,FALSE,FALSE,FALSE
Holdemanella,0.730593881393829,-1.67687229584797,0.488284272358118,0.400469258888615,1.49624700764066,-4.18726845726345,0.151629795861998,0.00200317459114333,0.991595306679159,0.125198411946458,FALSE,FALSE,TRUE,TRUE,FALSE,FALSE,FALSE
Solobacterium,0.791198987548889,-1.42642596314934,0.497152622821532,0.476416550239881,1.59146095430118,-2.99407306994502,0.150860684660962,0.0355642219547672,0.991595306679159,0.463242522344747,FALSE,FALSE,TRUE,TRUE,FALSE,FALSE,FALSE
Sutterella,0.474018367916691,-1.11846447413763,0.336833787798836,0.346361427119673,1.40727677889543,-3.22918312076127,0.171691323529069,0.00633397304245832,0.991595306679159,0.254309987085191,FALSE,FALSE,TRUE,TRUE,FALSE,FALSE,FALSE
Christensenellaceae R-7 group,0.434074301601799,-1.01616809788939,0.408679281762524,0.411017314183673,1.06213923967409,-2.47232431049191,0.29835780036008,0.029876769881,0.991595306679159,0.463242522344747,FALSE,FALSE,TRUE,TRUE,FALSE,FALSE,FALSE
Holdemania,-0.0726355282025813,-0.841090793141823,0.305598832046419,0.361375702030613,-0.237682610617924,-2.32746913645725,0.814968226503236,0.032548813847431,0.991595306679159,0.463242522344747,FALSE,FALSE,TRUE,TRUE,FALSE,FALSE,FALSE
Colidextribacter,0.152974899946515,-0.610623877850017,0.296900578206694,0.229785345438097,0.515239481413264,-2.65736649430726,0.610545834621369,0.0159809680642733,0.991595306679159,0.399524201606832,FALSE,FALSE,TRUE,TRUE,FALSE,FALSE,FALSE
Lachnospiraceae UCG-004,-0.313341517892509,0.743701468206834,0.340391448246402,0.28828718128928,-0.920532873275029,2.57972437373333,0.367277595842348,0.0239827114798509,0.991595306679159,0.463242522344747,FALSE,FALSE,TRUE,TRUE,FALSE,FALSE,FALSE
Bilophila,-0.766766667176343,0.921224292422017,0.441784229851031,0.3965279937008,-1.73561348587499,2.32322637255499,0.0983772338507795,0.0493535007605186,0.991595306679159,0.485302370898561,FALSE,FALSE,TRUE,TRUE,FALSE,FALSE,FALSE
Agathobacter,-0.81884856053685,1.50911771949326,0.449571396645897,0.507551572922007,-1.82139826209142,2.97332882017323,0.0774518762515122,0.00813791958672612,0.991595306679159,0.254309987085191,FALSE,FALSE,TRUE,TRUE,FALSE,FALSE,FALSE
CAG-352,-0.961940841563937,1.68200887596086,0.571579826811997,0.759632948492287,-1.6829510007888,2.21423896804279,0.110658011441441,0.0407653419663377,0.991595306679159,0.463242522344747,FALSE,FALSE,TRUE,TRUE,FALSE,FALSE,FALSE
