taxon,lfc_(Intercept),lfc_GroupT12,se_(Intercept),se_GroupT12,W_(Intercept),W_GroupT12,p_(Intercept),p_GroupT12,q_(Intercept),q_GroupT12,diff_(Intercept),diff_GroupT12,passed_ss_(Intercept),passed_ss_GroupT12,diff_robust_(Intercept),diff_robust_GroupT12
[Clostridium] innocuum group,-0.22512408958278,-0.82848099781048,0.602031337845639,0.874194971864946,-0.373940815752853,-0.947707347301549,0.718164501137934,0.371022448547881,0.991595306679159,0.846169542041161,FALSE,FALSE,TRUE,TRUE,FALSE,FALSE
[Clostridium] methylpentosum group,0.053524751922342,-0.393822107567509,0.349125968472972,0.359922480908465,0.153310715202458,-1.09418591073689,0.881535631847728,0.302291698637925,0.991595306679159,0.787217965202929,FALSE,FALSE,TRUE,TRUE,FALSE,FALSE
[Eubacterium] eligens group,-0.230808130786445,0.223229219197175,0.421132085347125,0.402928108676855,-0.548065889105071,0.554017489447982,0.589463883371939,0.590051319009557,0.991595306679159,0.914383556460657,FALSE,FALSE,TRUE,TRUE,FALSE,FALSE
[Eubacterium] ruminantium group,0.255835627028347,-0.759920461791321,0.59300516532768,0.859135746547425,0.431422257320438,-0.884517335991645,0.677551695681769,0.402217643718574,0.991595306679159,0.846169542041161,FALSE,FALSE,TRUE,TRUE,FALSE,FALSE
[Eubacterium] siraeum group,-0.339957135452226,0.369093997691595,0.586971618780701,0.664302681925432,-0.579171333970813,0.555611181068551,0.568107016387412,0.592520544586506,0.991595306679159,0.914383556460657,FALSE,FALSE,TRUE,TRUE,FALSE,FALSE
[Eubacterium] ventriosum group,-0.129783664040336,-0.187851385088473,0.524585035478927,0.669971004181343,-0.247402528213273,-0.280387336043019,0.810827893237778,0.786294464817615,0.991595306679159,0.920219391313186,FALSE,FALSE,TRUE,TRUE,FALSE,FALSE
[Eubacterium] xylanophilum group,-0.106461379469482,0.069695674864663,0.486508947349873,0.632061563140496,-0.218827176867768,0.110267225424006,0.830182714600179,0.913881555698599,0.991595306679159,0.960932841200587,FALSE,FALSE,TRUE,TRUE,FALSE,FALSE
[Ruminococcus] gauvreauii group,0.0905053676543069,-0.460794880639046,0.407766482002088,0.404811017251372,0.221953916393362,-1.13829629383063,0.826374140593934,0.275876440387305,0.991595306679159,0.781663091097419,FALSE,FALSE,TRUE,TRUE,FALSE,FALSE
Acidaminococcus,0.319283330179158,-0.593414833517323,0.66665665977852,0.868486640917244,0.478932184199933,-0.683274566999204,0.638469543272867,0.511032530062684,0.991595306679159,0.846169542041161,FALSE,FALSE,TRUE,TRUE,FALSE,FALSE
Acutalibacter,-0.271975740523556,0.21256796017682,0.367859775623307,0.360432769233701,-0.739346236110532,0.589757586772007,0.465012509071448,0.562916761632935,0.991595306679159,0.890691078533125,FALSE,FALSE,TRUE,TRUE,FALSE,FALSE
Agathobacter,-0.81884856053685,1.50911771949326,0.449571396645897,0.507551572922007,-1.82139826209142,2.97332882017323,0.0774518762515122,0.00813791958672612,0.991595306679159,0.254309987085191,FALSE,FALSE,TRUE,TRUE,FALSE,FALSE
Agathobaculum,0.179765113319509,-0.604998715725744,0.328147007369324,0.364895453284271,0.547818841197557,-1.65800562950402,0.587293303231136,0.106253861873206,0.991595306679159,0.56249061569519,FALSE,FALSE,TRUE,TRUE,FALSE,FALSE
Akkermansia,-0.0933759647161349,-0.219481316590871,0.614924027481512,0.631497936115739,-0.151849595304588,-0.34755666493682,0.880909494104512,0.735161426460975,0.991595306679159,0.920219391313186,FALSE,FALSE,TRUE,TRUE,FALSE,FALSE
Alistipes,-0.210171067330387,0.16800851640669,0.482974459849482,0.428582435710049,-0.435159795811742,0.392009803501032,0.66677609501648,0.70020357139956,0.991595306679159,0.920219391313186,FALSE,FALSE,TRUE,TRUE,FALSE,FALSE
Allisonella,0.219317320709865,-0.0416808669589827,0.400930621032792,0.544709244342098,0.547020629516665,-0.0765194778534097,0.592977595549218,0.940088593673868,0.991595306679159,0.965179678089399,FALSE,FALSE,TRUE,TRUE,FALSE,FALSE
Anaerobutyricum,-0.227728166802938,0.0288137383985005,0.305572652453762,0.291080256853029,-0.745250482902416,0.0989889823171656,0.463135706400102,0.922495527552563,0.991595306679159,0.960932841200587,FALSE,FALSE,TRUE,TRUE,FALSE,FALSE
Anaerostipes,-0.0570744533737369,-0.654803509171258,0.452642082194239,0.524610833062776,-0.126091796628942,-1.24817001080285,0.901138527938837,0.228886970353337,0.991595306679159,0.733612084465824,FALSE,FALSE,TRUE,TRUE,FALSE,FALSE
Anaerotruncus,0.118100219594164,-0.618775292980464,0.703861959689743,0.739507896424309,0.167788893785682,-0.836739264005678,0.870459186772053,0.424398560933675,0.991595306679159,0.846169542041161,FALSE,FALSE,TRUE,TRUE,FALSE,FALSE
Angelakisella,-0.157589316250142,0.0881114601412355,0.38848396866402,0.427774064675102,-0.405652044773135,0.205976629761687,0.688449195430436,0.838477341961045,0.991595306679159,0.920219391313186,FALSE,FALSE,TRUE,TRUE,FALSE,FALSE
Bacteroides,-0.504830518877347,0.628296206475207,0.44468464701407,0.324943223192545,-1.13525511228494,1.93355688511439,0.266918614160141,0.0690012823228472,0.991595306679159,0.485302370898561,FALSE,FALSE,TRUE,TRUE,FALSE,FALSE
Barnesiella,0.0387779649871579,-0.289931746763291,0.522188965576858,0.398597542925498,0.0742604067558573,-0.727379663796577,0.941792028036447,0.487832009131999,0.991595306679159,0.846169542041161,FALSE,FALSE,TRUE,TRUE,FALSE,FALSE
Bifidobacterium,-0.0351136653388206,0.0400665158791257,0.544896537808369,0.664944677700026,-0.0644409771441225,0.0602554125520812,0.949208616454322,0.953062547801443,0.991595306679159,0.968559499798215,FALSE,FALSE,TRUE,TRUE,FALSE,FALSE
Bilophila,-0.766766667176343,0.921224292422017,0.441784229851031,0.3965279937008,-1.73561348587499,2.32322637255499,0.0983772338507795,0.0493535007605186,0.991595306679159,0.485302370898561,FALSE,FALSE,TRUE,TRUE,FALSE,FALSE
Blautia,-0.089823253395293,-0.0678281352250527,0.314547765463602,0.308357028128634,-0.285563158469447,-0.219966237308389,0.77684225268834,0.828243557088089,0.991595306679159,0.920219391313186,FALSE,FALSE,TRUE,TRUE,FALSE,FALSE
Butyribacter,-0.207256448687923,0.0981658099478495,0.469626226186205,0.383433516401095,-0.441322134777343,0.256017812081827,0.665285680502748,0.807196800845007,0.991595306679159,0.920219391313186,FALSE,FALSE,TRUE,TRUE,FALSE,FALSE
Butyricimonas,-0.164132301220305,0.121946401921735,0.325937732569643,0.328839967693294,-0.50356950061078,0.370838139831815,0.618808791273631,0.715888605207136,0.991595306679159,0.920219391313186,FALSE,FALSE,TRUE,TRUE,FALSE,FALSE
CAG-352,-0.961940841563937,1.68200887596086,0.571579826811997,0.759632948492287,-1.6829510007888,2.21423896804279,0.110658011441441,0.0407653419663377,0.991595306679159,0.463242522344747,FALSE,FALSE,TRUE,TRUE,FALSE,FALSE
CAG-56,3.78646607140079e-05,-0.467937705904684,0.319566448695832,0.360723207230691,0.000118487597394957,-1.29722096201431,0.999906763883191,0.210936354914192,0.999906763883191,0.712622820656054,FALSE,FALSE,TRUE,TRUE,FALSE,FALSE
CAG-873,-0.371528727373148,1.00773540499895,1.15907698749459,1.25463265083161,-0.320538438241473,0.803211525167136,0.760980903280433,0.480597598448523,0.991595306679159,0.846169542041161,FALSE,FALSE,TRUE,TRUE,FALSE,FALSE
Candidatus Soleaferrea,0.102350229220259,-0.547032376510812,0.530394908742078,0.308913195934394,0.192969856107782,-1.77082877555995,0.850088949129439,0.140387442265334,0.991595306679159,0.598342841552133,FALSE,FALSE,TRUE,TRUE,FALSE,FALSE
Catenibacterium,0.42535056922055,-0.821163614353941,0.499643104675105,0.513019909786865,0.851308794698841,-1.60064667801118,0.4027950137699,0.131771923144272,0.991595306679159,0.588267514036926,FALSE,FALSE,TRUE,TRUE,FALSE,FALSE
Catenisphaera,0.457105518170746,-0.393836478536172,0.42361761059434,0.515248356368228,1.07905220826259,-0.764362416043717,0.312020430123697,0.466596081996809,0.991595306679159,0.846169542041161,FALSE,FALSE,TRUE,TRUE,FALSE,FALSE
Christensenellaceae R-7 group,0.434074301601799,-1.01616809788939,0.408679281762524,0.411017314183673,1.06213923967409,-2.47232431049191,0.29835780036008,0.029876769881,0.991595306679159,0.463242522344747,FALSE,FALSE,TRUE,TRUE,FALSE,FALSE
Clostridium,-0.0724445855665378,-0.055237237637821,0.49534846314691,0.391891792255561,-0.146249743274266,-0.140950228428871,0.885632501205056,0.893032212251658,0.991595306679159,0.960510477860888,FALSE,FALSE,TRUE,TRUE,FALSE,FALSE
Colidextribacter,0.152974899946515,-0.610623877850017,0.296900578206694,0.229785345438097,0.515239481413264,-2.65736649430726,0.610545834621369,0.0159809680642733,0.991595306679159,0.399524201606832,FALSE,FALSE,TRUE,TRUE,FALSE,FALSE
Collinsella,-0.0924019624879616,0.350975546275894,0.338428581242524,0.41406750780931,-0.273032384406519,0.847628803652782,0.78726489818199,0.405379385133815,0.991595306679159,0.846169542041161,FALSE,FALSE,TRUE,TRUE,FALSE,FALSE
Coprobacillus,0.103017512470221,-2.91409848409878,0.693500310129603,0.986294350377356,0.148547175776993,-2.95459310193133,0.886385148119083,0.119613814184534,0.991595306679159,0.575066414348719,FALSE,FALSE,TRUE,TRUE,FALSE,FALSE
Coprobacter,-0.239446675199093,0.114940567959329,0.426532858185971,0.398054701100819,-0.561379201165066,0.288755710311827,0.585828855347183,0.783554861502004,0.991595306679159,0.920219391313186,FALSE,FALSE,TRUE,TRUE,FALSE,FALSE
Coprococcus,0.0563988433025076,-0.300740403288256,0.404831884339288,0.425547479286146,0.139314232609307,-0.70671409872465,0.890081664279753,0.489318420297805,0.991595306679159,0.846169542041161,FALSE,FALSE,TRUE,TRUE,FALSE,FALSE
Defluviitaleaceae UCG-011,-0.26497413238861,0.633689306237046,0.325796797101977,0.357073009374802,-0.813311041562115,1.77467713772758,0.427977381667271,0.094976694309715,0.991595306679159,0.549478830786474,FALSE,FALSE,TRUE,TRUE,FALSE,FALSE
Desulfovibrio,0.22175136840884,-0.67555263396936,0.657106909241163,0.565356136527179,0.337466195059373,-1.19491518765337,0.739949977011816,0.273205130621289,0.991595306679159,0.781663091097419,FALSE,FALSE,TRUE,TRUE,FALSE,FALSE
Dialister,0.0897684195561299,-0.215324438691735,0.717431407976472,0.911045097967476,0.125124741624183,-0.236348825290997,0.902088269807799,0.822209009928632,0.991595306679159,0.920219391313186,FALSE,FALSE,TRUE,TRUE,FALSE,FALSE
Dorea,-0.148766303751209,0.0972547686666547,0.328489506432373,0.361616161749229,-0.452879927176108,0.268944751241783,0.653512077827365,0.789597531099259,0.991595306679159,0.920219391313186,FALSE,FALSE,TRUE,TRUE,FALSE,FALSE
DTU089,-0.746541070531332,0.392340970528721,0.46462280138606,0.408284699989895,-1.60676804561519,0.960949480934337,0.146952942767146,0.490193281716299,0.991595306679159,0.846169542041161,FALSE,FALSE,TRUE,TRUE,FALSE,FALSE
Enterocloster,-0.0587163160438072,-0.221682820762994,0.335307484353542,0.329227095103274,-0.175111856381643,-0.673343184871995,0.862058504984847,0.509182490628814,0.991595306679159,0.846169542041161,FALSE,FALSE,TRUE,TRUE,FALSE,FALSE
Erysipelotrichaceae UCG-003,0.475622335565951,-1.68027145500811,0.499538719482643,0.408484315562807,0.952123062769868,-4.11342955161705,0.370845181311996,0.0393483877224814,0.991595306679159,0.463242522344747,FALSE,FALSE,TRUE,TRUE,FALSE,FALSE
Erysipelotrichaceae UCG-006,0.666945964644047,-0.606602772257376,0.472783333081947,0.20356149833497,1.41067994147849,-2.97994845400078,0.216133234164174,0.210028988978294,0.991595306679159,0.712622820656054,FALSE,FALSE,TRUE,TRUE,FALSE,FALSE
Escherichia-Shigella,0.183762184646204,-0.552359942317079,0.426090208076664,0.505348289928496,0.431275305470387,-1.09302822098247,0.66935158283982,0.283081069433491,0.991595306679159,0.781663091097419,FALSE,FALSE,TRUE,TRUE,FALSE,FALSE
Faecalibacterium,-0.0827154894909922,-0.0674868968158007,0.37903815892414,0.376545721202057,-0.218224702562326,-0.179226301125824,0.828556094615124,0.859726030090858,0.991595306679159,0.93448481531615,FALSE,FALSE,TRUE,TRUE,FALSE,FALSE
Faecalimonas,-0.428676484689345,0.234186803554934,0.401881313748674,0.451563801847773,-1.06667433897518,0.518612879501534,0.301033904874086,0.610715625202407,0.991595306679159,0.920219391313186,FALSE,FALSE,TRUE,TRUE,FALSE,FALSE
Family XIII AD3011 group,0.125360757537512,-0.446121835364116,0.350877181097081,0.376604478090607,0.357278171084108,-1.18458983182028,0.724006146014277,0.247778402143177,0.991595306679159,0.755421957753589,FALSE,FALSE,TRUE,TRUE,FALSE,FALSE
Family XIII UCG-001,0.00130873846180733,-0.186254097365987,0.388786108004057,0.347896488245283,0.0033662171432156,-0.53537216861663,0.997360146360654,0.627749058189885,0.999906763883191,0.920219391313186,FALSE,FALSE,TRUE,TRUE,FALSE,FALSE
Flavonifractor,-0.100311193503602,-0.324854521446721,0.350466122563246,0.374326434632192,-0.286222225332206,-0.86783751130459,0.776726276546824,0.400714978517496,0.991595306679159,0.846169542041161,FALSE,FALSE,TRUE,TRUE,FALSE,FALSE
Fournierella,0.524443267131827,-1.14162616222681,0.553069879979444,0.669541538329255,0.948240513750847,-1.70508638653783,0.361712835008411,0.113905918461747,0.991595306679159,0.569529592308735,FALSE,FALSE,TRUE,TRUE,FALSE,FALSE
Fusicatenibacter,0.107233311108844,-0.314558684635833,0.340842535912618,0.357239922758536,0.314612467078742,-0.88052500461559,0.755400417184976,0.394035840117423,0.991595306679159,0.846169542041161,FALSE,FALSE,TRUE,TRUE,FALSE,FALSE
Gabonibacter,0.428671505033802,-0.854518225242568,0.501460843180532,0.659037172997507,0.854845419863571,-1.2966161246352,0.410868738501966,0.221303247490689,0.991595306679159,0.727971208850951,FALSE,FALSE,TRUE,TRUE,FALSE,FALSE
GCA-900066575,-0.16640258722079,-0.100606106255235,0.424428668304986,0.407950298757726,-0.392062552902805,-0.246613635439408,0.69943286084189,0.810708084352452,0.991595306679159,0.920219391313186,FALSE,FALSE,TRUE,TRUE,FALSE,FALSE
Gemmiger,-0.00790138336659086,-0.231671875282456,0.340901854452331,0.29564008920758,-0.0231778832041987,-0.783628079342755,0.981660336802739,0.44291803078639,0.997622293498719,0.846169542041161,FALSE,FALSE,TRUE,TRUE,FALSE,FALSE
Haemophilus,-0.708830441208655,0.79405020178049,0.713684864225517,0.950166264600248,-0.993198086073844,0.835696058009974,0.349700377153847,0.427578332662142,0.991595306679159,0.846169542041161,FALSE,FALSE,TRUE,TRUE,FALSE,FALSE
Holdemanella,0.730593881393829,-1.67687229584797,0.488284272358118,0.400469258888615,1.49624700764066,-4.18726845726345,0.151629795861998,0.00200317459114333,0.991595306679159,0.125198411946458,FALSE,FALSE,TRUE,TRUE,FALSE,FALSE
Holdemania,-0.0726355282025813,-0.841090793141823,0.305598832046419,0.361375702030613,-0.237682610617924,-2.32746913645725,0.814968226503236,0.032548813847431,0.991595306679159,0.463242522344747,FALSE,FALSE,TRUE,TRUE,FALSE,FALSE
Howardella,-0.0630951403863878,-0.139240010912762,0.312099175852837,0.318045451300075,-0.202163751999585,-0.437799095517921,0.842698471898804,0.670647308068463,0.991595306679159,0.920219391313186,FALSE,FALSE,TRUE,TRUE,FALSE,FALSE
Hungatella,-0.477040169208176,0.11100023253281,0.361823215721414,0.377933038743041,-1.31843438585619,0.293703437259634,0.219922545818254,0.775644910674823,0.991595306679159,0.920219391313186,FALSE,FALSE,TRUE,TRUE,FALSE,FALSE
Intestinimonas,-0.418374266295152,0.416292965353588,0.389967626401746,0.379523964593026,-1.07284358487784,1.09688189466505,0.291114621611809,0.28765201752385,0.991595306679159,0.781663091097419,FALSE,FALSE,TRUE,TRUE,FALSE,FALSE
Klebsiella,0.0886114532999439,-0.517014854823514,1.13237046817935,1.38077335659764,0.0782530592151662,-0.374438608880381,0.939338945325842,0.716748117039919,0.991595306679159,0.920219391313186,FALSE,FALSE,TRUE,TRUE,FALSE,FALSE
Lachnoclostridium,-0.0201359451802854,-0.139441664815574,0.331213028965244,0.304965686303763,-0.0607945443547103,-0.457237227261963,0.951931494411993,0.653390530523452,0.991595306679159,0.920219391313186,FALSE,FALSE,TRUE,TRUE,FALSE,FALSE
Lachnospira,0.0341930028930695,-0.196949838327571,0.394046076769296,0.432499542558779,0.0867741234055951,-0.455375830370512,0.931436035109366,0.654851713379788,0.991595306679159,0.920219391313186,FALSE,FALSE,TRUE,TRUE,FALSE,FALSE
Lachnospiraceae AC2044 group,-0.217990554072719,-0.158291846386796,0.547700655012275,0.236623491028914,-0.398010395053908,-0.668960827593629,0.702832673347282,0.622496939433282,0.991595306679159,0.920219391313186,FALSE,FALSE,TRUE,TRUE,FALSE,FALSE
Lachnospiraceae FCS020 group,-0.0702508030078185,-0.263157865178645,0.367696304368989,0.416302268640313,-0.191056592555036,-0.632131710543271,0.851043233273259,0.536817470257344,0.991595306679159,0.860284407463693,FALSE,FALSE,TRUE,TRUE,FALSE,FALSE
Lachnospiraceae ND3007 group,0.264973737851548,-0.670337021000525,0.325729740070175,0.356959683120203,0.813477264294201,-1.87790681328792,0.423331928180581,0.0716542755827198,0.991595306679159,0.485302370898561,FALSE,FALSE,TRUE,TRUE,FALSE,FALSE
Lachnospiraceae NK4A136 group,-0.315612094585055,0.403941108480752,0.421022837864619,0.517113647143741,-0.749631768637074,0.78114571276915,0.458216621861677,0.439686506328599,0.991595306679159,0.846169542041161,FALSE,FALSE,TRUE,TRUE,FALSE,FALSE
Lachnospiraceae UCG-004,-0.313341517892509,0.743701468206834,0.340391448246402,0.28828718128928,-0.920532873275029,2.57972437373333,0.367277595842348,0.0239827114798509,0.991595306679159,0.463242522344747,FALSE,FALSE,TRUE,TRUE,FALSE,FALSE
Lachnospiraceae UCG-010,-0.551789134940862,0.506593724904774,0.427150703622719,0.473301226634217,-1.29179029850839,1.07034103525848,0.20668526402259,0.300963911617632,0.991595306679159,0.787217965202929,FALSE,FALSE,TRUE,TRUE,FALSE,FALSE
Lachnotalea,0.103906841868467,-0.159480298990335,0.382653250076784,0.410178208898243,0.27154307940052,-0.388807341615503,0.788505200346804,0.701156184887402,0.991595306679159,0.920219391313186,FALSE,FALSE,TRUE,TRUE,FALSE,FALSE
Lactococcus,0.238455985486652,-2.37414798322397,0.630471305915447,0.170916661855422,0.378218617166745,-13.8906760607825,0.716476868330762,2.36888969390484e-06,0.991595306679159,0.000296111211738105,FALSE,TRUE,TRUE,FALSE,FALSE,FALSE
Leyella,-0.624751982772838,1.21090087847698,0.693265592459506,0.599622827172914,-0.901172637973275,2.01943759243807,0.38146931824589,0.0722107771578868,0.991595306679159,0.485302370898561,FALSE,FALSE,TRUE,TRUE,FALSE,FALSE
Mailhella,-0.300481112909563,0.893431937623016,0.703145442500716,0.989527466306523,-0.427338491793263,0.902887456937208,0.681970474003522,0.396590650826805,0.991595306679159,0.846169542041161,FALSE,FALSE,TRUE,TRUE,FALSE,FALSE
Marvinbryantia,-0.482881295297701,0.396319373840163,0.390435356231017,0.360881132357867,-1.23677655619893,1.09819920828433,0.24462596966701,0.358634746162088,0.991595306679159,0.846169542041161,FALSE,FALSE,TRUE,TRUE,FALSE,FALSE
Massiliprevotella,-0.0374068042073919,0.00335617459655835,0.500971646301472,0.560217290430171,-0.0746685056600617,0.00599084436323139,0.941615897893602,0.995372768053271,0.991595306679159,0.995372768053271,FALSE,FALSE,TRUE,TRUE,FALSE,FALSE
Mediterraneibacter,0.200222799124582,-0.705142460085539,0.386886909728082,0.415601434668857,0.517522805993373,-1.69667956186769,0.608019483934806,0.107998198213477,0.991595306679159,0.56249061569519,FALSE,FALSE,TRUE,TRUE,FALSE,FALSE
Megasphaera,0.406422986791994,-0.370375569745312,0.60965814056257,0.797060576075477,0.666640793834003,-0.464676814865123,0.51761416075636,0.650480983132465,0.991595306679159,0.920219391313186,FALSE,FALSE,TRUE,TRUE,FALSE,FALSE
Methanobrevibacter,-0.27070504430514,0.245602930288037,0.557251255574693,0.636663336347764,-0.485786333538112,0.385765782739972,0.635873391841111,0.709941686066049,0.991595306679159,0.920219391313186,FALSE,FALSE,TRUE,TRUE,FALSE,FALSE
Mitsuokella,-0.457501847524289,1.22742472602806,0.693245359832199,0.788632117904095,-0.659942170597475,1.55639708066939,0.524935314810701,0.188730593744558,0.991595306679159,0.674037834801992,FALSE,FALSE,TRUE,TRUE,FALSE,FALSE
Mogibacterium,0.257598842521987,-0.31645113757667,0.488108971856129,0.436128728637636,0.527748632733419,-0.725591131235929,0.61834395618404,0.514471081561026,0.991595306679159,0.846169542041161,FALSE,FALSE,TRUE,TRUE,FALSE,FALSE
Monoglobus,-0.197135598632174,-0.0845449657137416,0.400293133888439,0.407717623645466,-0.492478091535577,-0.20736156793472,0.626488516855652,0.839240084877625,0.991595306679159,0.920219391313186,FALSE,FALSE,TRUE,TRUE,FALSE,FALSE
Negativibacillus,0.0300304810452427,-0.331757701464363,0.41041813598189,0.365323147370558,0.073170453282717,-0.908121217755334,0.942181530959019,0.377091238600731,0.991595306679159,0.846169542041161,FALSE,FALSE,TRUE,TRUE,FALSE,FALSE
NK4A214 group,0.0822393278513971,-0.301029537225857,0.378886138872656,0.397122684825357,0.217055519888095,-0.758026546275596,0.829626953434011,0.459350496429473,0.991595306679159,0.846169542041161,FALSE,FALSE,TRUE,TRUE,FALSE,FALSE
Odoribacter,-0.523678815802614,0.753522034799328,0.429509489930648,0.463126520553843,-1.21924853368705,1.62703278986962,0.232854093180786,0.127321309485786,0.991595306679159,0.588267514036926,FALSE,FALSE,TRUE,TRUE,FALSE,FALSE
Oribacterium,0.342942623688161,-0.314835448411521,0.721545710963103,0.765902950939641,0.475288839608525,-0.41106441491741,0.64705049198105,0.700274043236858,0.991595306679159,0.920219391313186,FALSE,FALSE,TRUE,TRUE,FALSE,FALSE
Oscillibacter,-0.316077662441624,0.294335840857694,0.354902102967412,0.401080941671536,-0.890605211405714,0.733856462067299,0.379222442843245,0.467924017191636,0.991595306679159,0.846169542041161,FALSE,FALSE,TRUE,TRUE,FALSE,FALSE
Oscillospira,0.065863034664641,-0.350637069578563,0.404329223282025,0.493696448841159,0.162894569257243,-0.710228056939856,0.872158808102161,0.495086072238657,0.991595306679159,0.846169542041161,FALSE,FALSE,TRUE,TRUE,FALSE,FALSE
Oxalobacter,0.185754490587621,-0.223328230918893,0.295664970898098,0.322008148288406,0.628260054017837,-0.693548384119987,0.541606554571452,0.501170087978985,0.991595306679159,0.846169542041161,FALSE,FALSE,TRUE,TRUE,FALSE,FALSE
Paludicola,-0.322665092377658,0.0429591994100842,0.518931391395417,0.57931029969898,-0.621787576793157,0.0741557666632315,0.544832262837291,0.942015365815253,0.991595306679159,0.965179678089399,FALSE,FALSE,TRUE,TRUE,FALSE,FALSE
Papillibacter,0.327735782993271,-0.560132852236961,0.431855521420282,0.249723655403892,0.758901453697794,-2.24301078458517,0.472730869301563,0.160646050699132,0.991595306679159,0.612835016604331,FALSE,FALSE,TRUE,TRUE,FALSE,FALSE
Parabacteroides,-0.529049686548632,0.733998390291587,0.391633296659513,0.382589253249283,-1.3508802521676,1.91850237312687,0.185803289126569,0.0704305486130535,0.991595306679159,0.485302370898561,FALSE,FALSE,TRUE,TRUE,FALSE,FALSE
Paraprevotella,-0.214383732396732,0.150550752328319,0.485239851453388,0.515164088377886,-0.441809821997536,0.29223844542884,0.663084646099564,0.775551998753089,0.991595306679159,0.920219391313186,FALSE,FALSE,TRUE,TRUE,FALSE,FALSE
Parasutterella,-0.672784008327887,1.01739034881589,0.471892570537291,0.541524301551781,-1.42571434757251,1.87875289419234,0.168331955591972,0.0898272067424428,0.991595306679159,0.549478830786474,FALSE,FALSE,TRUE,TRUE,FALSE,FALSE
Peptococcus,-0.145058912042656,0.0357493731303155,0.345648242953503,0.342608743065288,-0.419672065459246,0.104344602564632,0.679376157535619,0.919645482887613,0.991595306679159,0.960932841200587,FALSE,FALSE,TRUE,TRUE,FALSE,FALSE
Phascolarctobacterium,-0.183719325477965,-0.257820559911977,0.463466902336658,0.348622157602198,-0.396402255590872,-0.739541518775661,0.6953710327404,0.472289832916462,0.991595306679159,0.846169542041161,FALSE,FALSE,TRUE,TRUE,FALSE,FALSE
Phocea,-0.275082047861715,-0.35557904894167,0.261605422378278,0.227348815082334,-1.05151508466805,-1.56402420137047,0.327961420984115,0.161788444383543,0.991595306679159,0.612835016604331,FALSE,FALSE,TRUE,TRUE,FALSE,FALSE
Prevotellaceae UCG-001,-0.593968639326655,0.685668955935403,0.82886534505822,0.778669996788885,-0.716604503817124,0.880564242571303,0.499058074778137,0.438749285458009,0.991595306679159,0.846169542041161,FALSE,FALSE,TRUE,TRUE,FALSE,FALSE
Pseudoflavonifractor,-0.0622029697948393,-0.70148935761794,0.919130525798083,0.949242781240845,-0.0676758828576913,-0.738998885723372,0.948385870605593,0.501473121347238,0.991595306679159,0.846169542041161,FALSE,FALSE,TRUE,TRUE,FALSE,FALSE
Rikenellaceae RC9 gut group,-0.116288986288117,0.613689151773,0.360775687452218,0.378512776576744,-0.322330440583023,1.62131687422333,0.75511287628461,0.172478036300251,0.991595306679159,0.63411042757445,FALSE,FALSE,TRUE,TRUE,FALSE,FALSE
Romboutsia,-0.0235426391115399,-0.114405844664991,0.384546071071861,0.439942639129594,-0.0612218948068264,-0.260047184540552,0.951712299161486,0.798675171160421,0.991595306679159,0.920219391313186,FALSE,FALSE,TRUE,TRUE,FALSE,FALSE
Roseburia,-0.206293753617602,0.140472962132861,0.3140981641286,0.327663986756144,-0.656781150535917,0.428710410086675,0.51561724853947,0.670761126965321,0.991595306679159,0.920219391313186,FALSE,FALSE,TRUE,TRUE,FALSE,FALSE
Ruminococcus,-0.24929201677376,0.20521496248946,0.41867474942422,0.469671958514738,-0.595431219858847,0.436932541466643,0.55543524626487,0.667331054094457,0.991595306679159,0.920219391313186,FALSE,FALSE,TRUE,TRUE,FALSE,FALSE
Ruthenibacterium,-0.467546405932289,0.235567815644778,0.384239439265534,0.364929881294388,-1.21681003601815,0.645515283125709,0.23631852527687,0.531709411946478,0.991595306679159,0.860284407463693,FALSE,FALSE,TRUE,TRUE,FALSE,FALSE
Segatella,0.0184417532355989,-0.110328683667829,0.67086468360752,0.856376840043206,0.0274895275995599,-0.128831932986724,0.978242715965664,0.899037807277791,0.997622293498719,0.960510477860888,FALSE,FALSE,TRUE,TRUE,FALSE,FALSE
Senegalimassilia,0.105073753648733,-0.464426283686009,0.283297376007732,0.28021665643729,0.370895611987121,-1.6573828607863,0.717911239541828,0.145903631354809,0.991595306679159,0.598342841552133,FALSE,FALSE,TRUE,TRUE,FALSE,FALSE
Slackia,-0.134467934143499,0.00803199407778276,0.423512117844553,0.552258040961573,-0.317506698103158,0.0145439151303216,0.757389913235502,0.988809914251249,0.991595306679159,0.995372768053271,FALSE,FALSE,TRUE,TRUE,FALSE,FALSE
Solobacterium,0.791198987548889,-1.42642596314934,0.497152622821532,0.476416550239881,1.59146095430118,-2.99407306994502,0.150860684660962,0.0355642219547672,0.991595306679159,0.463242522344747,FALSE,FALSE,TRUE,TRUE,FALSE,FALSE
Streptococcus,0.290747383365756,-0.790336006793044,0.367469388732415,0.387444031541616,0.791215247530382,-2.03987142000445,0.434501625960224,0.0561512824986753,0.991595306679159,0.485302370898561,FALSE,FALSE,TRUE,TRUE,FALSE,FALSE
Succinivibrio,-0.319157020552779,-0.350208746816251,1.66249428850654,1.26585018918059,-0.19197480722745,-0.276658920470635,0.854339020213919,0.805679037616014,0.991595306679159,0.920219391313186,FALSE,FALSE,TRUE,TRUE,FALSE,FALSE
Sutterella,0.474018367916691,-1.11846447413763,0.336833787798836,0.346361427119673,1.40727677889543,-3.22918312076127,0.171691323529069,0.00633397304245832,0.991595306679159,0.254309987085191,FALSE,FALSE,TRUE,TRUE,FALSE,FALSE
Synergistes,-0.0311891260753559,0.3438970376783,0.98048905816823,1.26948956309333,-0.0318097645409976,0.270893946414444,0.97551174483867,0.794286667512335,0.997622293498719,0.920219391313186,FALSE,FALSE,TRUE,TRUE,FALSE,FALSE
Thomasclavelia,0.227181577555241,-1.83151631572116,0.571863276531173,0.823758122576507,0.397265547340768,-2.2233666236791,0.701560187235364,0.0568825892008331,0.991595306679159,0.485302370898561,FALSE,FALSE,TRUE,TRUE,FALSE,FALSE
Turicibacter,0.152308571494004,-0.718498278254214,0.639525916272067,0.468186199416262,0.238158560300173,-1.53464215551429,0.816506185764844,0.315601873737128,0.991595306679159,0.805106820757978,FALSE,FALSE,TRUE,TRUE,FALSE,FALSE
UCG-002,0.249580482710693,-0.600186018242856,0.418560260652315,0.500687498072893,0.596283274292996,-1.19872379588651,0.55531554557759,0.239718939956773,0.991595306679159,0.749121687364915,FALSE,FALSE,TRUE,TRUE,FALSE,FALSE
UCG-003,-0.0716677911071306,-0.0976876526720532,0.339449001822812,0.329235720408665,-0.211129774199602,-0.296710370766569,0.834315375261653,0.770519160777804,0.991595306679159,0.920219391313186,FALSE,FALSE,TRUE,TRUE,FALSE,FALSE
UCG-004,1.10132298459011,-1.71943204637451,0.792326606708818,0.965380073359014,1.38998611843266,-1.78109336811955,0.207215096008734,0.148389024704929,0.991595306679159,0.598342841552133,FALSE,FALSE,TRUE,TRUE,FALSE,FALSE
UCG-005,-0.145434647567589,-0.0762683428208736,0.374802084345008,0.239554855275702,-0.388030519685465,-0.318375274561214,0.702120857169737,0.755421381647748,0.991595306679159,0.920219391313186,FALSE,FALSE,TRUE,TRUE,FALSE,FALSE
UCG-007,0.575385979479133,-0.913355078936612,0.416515893890945,0.378400202961723,1.38142622626973,-2.41372777231042,0.205006140427139,0.0737659603765813,0.991595306679159,0.485302370898561,FALSE,FALSE,TRUE,TRUE,FALSE,FALSE
UCG-009,0.284194923963609,-0.490886127277635,0.354058132959886,0.423137937511521,0.802678705860452,-1.16010899463315,0.432726698396791,0.274076588162713,0.991595306679159,0.781663091097419,FALSE,FALSE,TRUE,TRUE,FALSE,FALSE
Veillonella,-0.875187857502552,1.12258208356447,0.450621025459606,0.172099090854981,-1.94218158509118,6.52288212556811,0.0807599953441484,0.0967082742184194,0.991595306679159,0.549478830786474,FALSE,FALSE,TRUE,TRUE,FALSE,FALSE
Victivallis,-0.215547652060372,0.171511071318203,0.394777612790994,0.37676774718638,-0.545997658115655,0.45521696747933,0.59223353250064,0.659381045107097,0.991595306679159,0.920219391313186,FALSE,FALSE,TRUE,TRUE,FALSE,FALSE
