Kingdom,Phylum,Abundance_all,Abundance_T0,Abundance_T12
Bacteria,Bacillota,55.2862965938927,57.0455943470521,53.5269988407332
Bacteria,Bacteroidota,37.9807782914473,34.0488941240701,41.9126624588244
Bacteria,Pseudomonadota,5.09994048354743,7.27509750249133,2.92478346460352
Bacteria,Verrucomicrobiota,0.660418886997363,0.670335241263817,0.650502532730908
Bacteria,Thermodesulfobacteriota,0.436288079047574,0.399608268077362,0.472967890017786
Bacteria,Actinomycetota,0.311725588193889,0.336599971938926,0.286851204448851
Bacteria,Synergistota,0.11193671029576,0.0596404039608138,0.164233016630706
Bacteria,Fusobacteriota,0.0328448354280625,0.0596626521723671,0.00602701868375792
Bacteria,Cyanobacteriota,0.0316523387726824,0.0593283872772459,0.00397629026811883
Archaea,Methanobacteriota,0.0285267075650184,0.0308814428272509,0.0261719723027859
Archaea,Thermoplasmatota,0.0195914848122694,0.0143576588686572,0.0248253107558815
