Kingdom,Phylum,Class,Order,Family,Genus,Abundance_all,Abundance_T0,Abundance_T12
Bacteria,Bacteroidota,Bacteroidia,Bacteroidales,Bacteroidaceae,Bacteroides,19.1041480626625,15.2858339137564,22.9224622115686
Bacteria,Bacteroidota,Bacteroidia,Bacteroidales,Prevotellaceae,Segatella,11.8457079408286,13.3910156383156,10.3004002433417
Bacteria,Bacillota,Clostridia,Oscillospirales,Ruminococcaceae,Faecalibacterium,7.48175814195436,7.79245284293713,7.17106344097159
Bacteria,Bacillota,Clostridia,Oscillospirales,Oscillospiraceae,UCG-002,4.00751453351874,4.49344227787962,3.52158678915786
Bacteria,Bacillota,Clostridia,Lachnospirales,Lachnospiraceae,Agathobacter,3.62785019734387,2.20980155380499,5.04589884088274
Bacteria,Pseudomonadota,Gammaproteobacteria,Enterobacterales,Succinivibrionaceae,Succinivibrio,3.24330658098639,5.13862986319755,1.34798329877524
Bacteria,Bacillota,Negativicutes,Acidaminococcales,Acidaminococcaceae,Phascolarctobacterium,1.70797885179626,1.74844202817843,1.66751567541408
Bacteria,Bacteroidota,Bacteroidia,Bacteroidales,Prevotellaceae,Leyella,1.62013793193284,0.455136217190286,2.78513964667539
Bacteria,Bacteroidota,Bacteroidia,Bacteroidales,Tannerellaceae,Parabacteroides,1.54240931083264,1.39438002182866,1.69043859983662
Bacteria,Bacillota,Clostridia,Lachnospirales,Lachnospiraceae,Lachnospiraceae NK4A136 group,1.50031915940781,1.09544692094849,1.90519139786713
Bacteria,Bacillota,Clostridia,Oscillospirales,Ruminococcaceae,Gemmiger,1.33613676876755,1.56119804564945,1.11107549188565
Bacteria,Bacillota,Clostridia,Oscillospirales,Oscillospiraceae,UCG-005,1.26545127630712,1.18135024043936,1.34955231217487
Bacteria,Bacillota,Clostridia,Lachnospirales,Lachnospiraceae,Blautia,1.09915230664659,1.22554045789319,0.97276415539998
Bacteria,Bacillota,Clostridia,Lachnospirales,Lachnospiraceae,[Eubacterium] eligens group,1.06855318370128,1.35749009330539,0.779616274097163
Bacteria,Bacillota,Clostridia,Lachnospirales,Lachnospiraceae,Roseburia,1.03992670153833,0.89772301584396,1.18213038723269
Bacteria,Bacillota,Clostridia,Oscillospirales,Ruminococcaceae,Ruminococcus,0.95440285023612,0.766779327017438,1.1420263734548
Bacteria,Bacillota,Negativicutes,Veillonellales-Selenomonadales,Veillonellaceae,Dialister,0.949013708443413,0.810994220132358,1.08703319675447
Bacteria,Bacillota,Clostridia,Lachnospirales,Lachnospiraceae,Coprococcus,0.883023176735716,0.991085300021417,0.774961053450014
Bacteria,Bacillota,Clostridia,Oscillospirales,Ruminococcaceae,[Eubacterium] siraeum group,0.879789593642723,0.520986565015201,1.23859262227024
Bacteria,Bacteroidota,Bacteroidia,Bacteroidales,Rikenellaceae,Alistipes,0.842829664310927,0.905115215733661,0.780544112888193
Bacteria,Bacillota,Clostridia,Oscillospirales,Oscillospiraceae,NK4A214 group,0.822932530975614,0.928913433836249,0.71695162811498
Bacteria,Pseudomonadota,Gammaproteobacteria,Burkholderiales,Sutterellaceae,Sutterella,0.811921645892929,1.33817427219168,0.285669019594179
Bacteria,Bacillota,Bacilli,Erysipelotrichales,Erysipelotrichaceae,Holdemanella,0.802102137822848,1.42971402995578,0.174490245689912
Bacteria,Bacillota,Bacilli,Erysipelotrichales,Erysipelatoclostridiaceae,Catenibacterium,0.747163672535748,1.28226487733074,0.212062467740761
Bacteria,Bacillota,Clostridia,Lachnospirales,Lachnospiraceae,Lachnospira,0.688198297335396,0.810828927842055,0.565567666828736
Bacteria,Bacillota,Clostridia,Lachnospirales,Lachnospiraceae,Mediterraneibacter,0.561100441010985,0.615229959307238,0.506970922714732
Bacteria,Bacteroidota,Bacteroidia,Bacteroidales,Prevotellaceae,Paraprevotella,0.530041217821135,0.576546273737799,0.483536161904471
Bacteria,Bacillota,Clostridia,Oscillospirales,Ruminococcaceae,CAG-352,0.479958654864888,0.308555227115467,0.651362082614309
Bacteria,Bacillota,Clostridia,Lachnospirales,Lachnospiraceae,Dorea,0.469692663754258,0.511954727861409,0.427430599647107
Bacteria,Bacillota,Clostridia,Christensenellales,Christensenellaceae,Christensenellaceae R-7 group,0.444422968861272,0.548520551367297,0.340325386355247
Bacteria,Bacillota,Clostridia,Oscillospirales,Ruminococcaceae,Negativibacillus,0.420066812957551,0.454222170750029,0.385911455165072
Bacteria,Pseudomonadota,Gammaproteobacteria,Enterobacterales,Enterobacteriaceae,Escherichia-Shigella,0.418441381028028,0.296337802767451,0.540544959288605
Bacteria,Bacillota,Negativicutes,Acidaminococcales,Acidaminococcaceae,Acidaminococcus,0.407871252487549,0.4117463625494,0.403996142425697
Bacteria,Bacteroidota,Bacteroidia,Bacteroidales,Marinifilaceae,Odoribacter,0.343316343194375,0.213926348572269,0.47270633781648
Bacteria,Bacillota,Clostridia,Lachnospirales,Lachnospiraceae,Lachnoclostridium,0.325513626692038,0.336300442973639,0.314726810410436
Bacteria,Bacillota,Clostridia,Lachnospirales,Lachnospiraceae,Enterocloster,0.299256902009641,0.311326026390869,0.287187777628413
Bacteria,Thermodesulfobacteriota,Desulfovibrionia,Desulfovibrionales,Desulfovibrionaceae,Desulfovibrio,0.271893082379159,0.286733054542179,0.257053110216138
Bacteria,Verrucomicrobiota,Verrucomicrobiia,Verrucomicrobiales,Akkermansiaceae,Akkermansia,0.264591230851262,0.255899812282822,0.273282649419701
Bacteria,Pseudomonadota,Gammaproteobacteria,Enterobacterales,Enterobacteriaceae,Klebsiella,0.261694519061365,0.293905853477025,0.229483184645706
Bacteria,Actinomycetota,Actinobacteria,Bifidobacteriales,Bifidobacteriaceae,Bifidobacterium,0.250795410700723,0.291443612803933,0.210147208597513
Bacteria,Bacillota,Negativicutes,Veillonellales-Selenomonadales,Veillonellaceae,Megasphaera,0.249139764982843,0.233886498570106,0.264393031395579
Bacteria,Bacillota,Clostridia,Oscillospirales,Oscillospiraceae,Colidextribacter,0.224806094450315,0.280706669772275,0.168905519128355
Bacteria,Bacillota,Bacilli,Lactobacillales,Streptococcaceae,Streptococcus,0.217800558898547,0.326687156489426,0.108913961307668
Bacteria,Bacillota,Clostridia,Oscillospirales,Oscillospiraceae,Intestinimonas,0.210707437750569,0.176152897158492,0.245261978342647
Bacteria,Pseudomonadota,Gammaproteobacteria,Burkholderiales,Sutterellaceae,Parasutterella,0.210448416552083,0.0946006823143764,0.326296150789789
Bacteria,Bacillota,Clostridia,Monoglobales,Monoglobaceae,Monoglobus,0.206426825627998,0.23497851349871,0.177875137757287
Bacteria,Bacillota,Clostridia,Lachnospirales,Lachnospiraceae,Lachnospiraceae UCG-004,0.2056833506111,0.180281019248005,0.231085681974194
Bacteria,Bacillota,Clostridia,Oscillospirales,Oscillospiraceae,Flavonifractor,0.204775026671037,0.261378118800918,0.148171934541155
Bacteria,Bacillota,Clostridia,Oscillospirales,Ruminococcaceae,Acutalibacter,0.203921897194934,0.222489751291491,0.185354043098377
Bacteria,Bacillota,Clostridia,Lachnospirales,Lachnospiraceae,Fusicatenibacter,0.192214320759263,0.204198735635903,0.180229905882624
Bacteria,Bacteroidota,Bacteroidia,Bacteroidales,Marinifilaceae,Butyricimonas,0.18739150872273,0.10797095587966,0.2668120615658
Bacteria,Bacteroidota,Bacteroidia,Bacteroidales,Barnesiellaceae,Barnesiella,0.171275329773903,0.173607152607612,0.168943506940194
Bacteria,Bacillota,Clostridia,Oscillospirales,Oscillospiraceae,Oscillibacter,0.171216499798186,0.151528301057662,0.190904698538711
Bacteria,Bacteroidota,Bacteroidia,Bacteroidales,Muribaculaceae,CAG-873,0.171014483654739,0.139326497745891,0.202702469563588
Bacteria,Bacillota,Clostridia,Oscillospirales,Oscillospiraceae,UCG-003,0.167679190234726,0.155945518385004,0.179412862084447
Bacteria,Bacillota,Negativicutes,Veillonellales-Selenomonadales,Selenomonadaceae,Mitsuokella,0.150881443711574,0.0838095665157736,0.217953320907375
Bacteria,Bacillota,Clostridia,Oscillospirales,Butyricicoccaceae,Agathobaculum,0.146618548755616,0.173017409601175,0.120219687910057
Bacteria,Bacillota,Clostridia,Lachnospirales,Lachnospiraceae,[Ruminococcus] gauvreauii group,0.144657685808877,0.191045888618488,0.0982694829992655
Bacteria,Bacillota,Clostridia,Clostridiales,Clostridiaceae,Clostridium,0.13980245551814,0.163589944650004,0.116014966386277
Bacteria,Bacillota,Bacilli,Erysipelotrichales,Erysipelatoclostridiaceae,Coprobacillus,0.127352550139766,0.251736162240593,0.00296893803893858
Bacteria,Bacillota,Clostridia,Lachnospirales,Lachnospiraceae,Lachnospiraceae UCG-010,0.122689738497552,0.10175024335826,0.143629233636843
Bacteria,Bacillota,Clostridia,Lachnospirales,Lachnospiraceae,[Bacteroides] pectinophilus group,0.120124237770404,0.155614677978013,0.0846337975627953
Bacteria,Bacillota,Clostridia,Peptostreptococcales-Tissierellales,Peptostreptococcaceae,Romboutsia,0.119313907595563,0.138939153851281,0.0996886613398449
Bacteria,Bacillota,Negativicutes,Veillonellales-Selenomonadales,Selenomonadaceae,Megamonas,0.108923442023234,0.212468653702665,0.00537823034380324
Bacteria,Thermodesulfobacteriota,Desulfovibrionia,Desulfovibrionales,Desulfovibrionaceae,Bilophila,0.103989919411049,0.0450687231254088,0.162911115696688
Bacteria,Bacillota,Clostridia,Oscillospirales,Ruminococcaceae,Angelakisella,0.102497166796574,0.0757738955087738,0.129220438084375
Bacteria,Synergistota,Synergistia,Synergistales,Synergistaceae,Synergistes,0.102430519799655,0.0550603086936575,0.149800730905652
Bacteria,Bacillota,Clostridia,Oscillospirales,Ruminococcaceae,Candidatus Soleaferrea,0.0999235448036317,0.147590070013855,0.0522570195934079
Bacteria,Bacillota,Clostridia,Lachnospirales,Lachnospiraceae,Oribacterium,0.0926337500368757,0.133781170994147,0.0514863290796046
Bacteria,Bacillota,Clostridia,Lachnospirales,Lachnospiraceae,Anaerostipes,0.0854701842998719,0.0961965090187517,0.0747438595809921
Bacteria,Bacteroidota,Bacteroidia,Bacteroidales,Rikenellaceae,Rikenellaceae RC9 gut group,0.0777754039572863,0.0711020983218743,0.0844487095926984
Bacteria,Bacillota,Clostridia,Lachnospirales,Lachnospiraceae,[Eubacterium] xylanophilum group,0.0762265053173899,0.0606432992340012,0.0918097114007787
Bacteria,Bacteroidota,Bacteroidia,Bacteroidales,Prevotellaceae,Massiliprevotella,0.0760487172911219,0.0619159592930826,0.0901814752891613
Bacteria,Bacillota,Clostridia,Oscillospirales,Ruminococcaceae,Fournierella,0.074741450724377,0.108298539709807,0.0411843617389467
Bacteria,Bacillota,Bacilli,Erysipelotrichales,Erysipelatoclostridiaceae,UCG-004,0.0741272005358101,0.13893753429939,0.00931686677222987
Bacteria,Bacillota,Clostridia,Lachnospirales,Lachnospiraceae,Lachnospiraceae AC2044 group,0.0738391950558295,0.0725960237861806,0.0750823663254783
Bacteria,Bacillota,Clostridia,Oscillospirales,Oscillospiraceae,Oscillospira,0.0692036798865533,0.0677180701871295,0.0706892895859771
Bacteria,Bacillota,Clostridia,Peptostreptococcales-Tissierellales,Anaerovoracaceae,Family XIII AD3011 group,0.0689747432940521,0.0671681564153639,0.0707813301727404
Bacteria,Bacteroidota,Bacteroidia,Bacteroidales,Prevotellaceae,Prevotellaceae UCG-001,0.0657493274054828,0.034907562379131,0.0965910924318345
Bacteria,Bacillota,Clostridia,Lachnospirales,Lachnospiraceae,Butyribacter,0.0648117943172679,0.0401751459239893,0.0894484427105465
Bacteria,Bacillota,Clostridia,Lachnospirales,Lachnospiraceae,Lachnotalea,0.0616344264043438,0.0447813724035093,0.0784874804051783
Bacteria,Bacillota,Clostridia,Lachnospirales,Lachnospiraceae,[Eubacterium] ruminantium group,0.0608116966238642,0.0970521297320067,0.0245712635157217
Bacteria,Bacillota,Clostridia,Lachnospirales,Lachnospiraceae,Lachnospiraceae ND3007 group,0.0577898793546072,0.0706713945141896,0.0449083641950248
Bacteria,Bacillota,Clostridia,Peptococcales,Peptococcaceae,Peptococcus,0.0572899641308584,0.0452813503666279,0.069298577895089
Bacteria,Bacillota,Clostridia,Oscillospirales,Ruminococcaceae,Ruthenibacterium,0.0555859190299015,0.0509325005027126,0.0602393375570903
Bacteria,Thermodesulfobacteriota,Desulfovibrionia,Desulfovibrionales,Desulfovibrionaceae,Mailhella,0.0547655087118672,0.0604022977399863,0.049128719683748
Bacteria,Verrucomicrobiota,Lentisphaeria,Victivallales,Victivallaceae,Victivallis,0.0531566445453395,0.0524581120224143,0.0538551770682647
Bacteria,Bacillota,Clostridia,Lachnospirales,Lachnospiraceae,CAG-56,0.0511023641600572,0.0698958679183051,0.0323088604018092
Bacteria,Bacillota,Bacilli,Erysipelotrichales,Erysipelatoclostridiaceae,Erysipelotrichaceae UCG-003,0.0490761732511237,0.0925739451793823,0.00557840132286512
Bacteria,Bacillota,Clostridia,Lachnospirales,Lachnospiraceae,Anaerobutyricum,0.0487046492271133,0.0379156925499706,0.059493605904256
Bacteria,Bacillota,Clostridia,Oscillospirales,Ruminococcaceae,Pygmaiobacter,0.0469704853918726,0.0578679659378736,0.0360730048458716
Bacteria,Bacillota,Clostridia,Lachnospirales,Lachnospiraceae,[Eubacterium] ventriosum group,0.046881941855707,0.041141367064331,0.052622516647083
Bacteria,Bacteroidota,Bacteroidia,Bacteroidales,Prevotellaceae,Prevotellaceae UCG-003,0.0456363876668279,0.0826014121320303,0.00867136320162548
Bacteria,Bacillota,Bacilli,Lactobacillales,Lactobacillaceae,Limosilactobacillus,0.0399804256808013,0.0771358704189839,0.00282498094261871
Bacteria,Bacillota,Clostridia,Oscillospirales,Butyricicoccaceae,UCG-009,0.0393286045897541,0.0531362147798734,0.0255209943996349
Bacteria,Bacillota,Bacilli,Erysipelotrichales,Erysipelatoclostridiaceae,Thomasclavelia,0.0371106046522885,0.0677329123705361,0.0064882969340408
Bacteria,Bacillota,Bacilli,Erysipelotrichales,Erysipelotrichaceae,Turicibacter,0.0346292615313858,0.0258613806891991,0.0433971423735724
Bacteria,Pseudomonadota,Gammaproteobacteria,Enterobacterales,Enterobacteriaceae,Citrobacter,0.0340690135740246,0.0681380271480491,0
Bacteria,Fusobacteriota,Fusobacteriia,Fusobacteriales,Fusobacteriaceae,Fusobacterium,0.0328448354280625,0.0596626521723671,0.00602701868375792
Bacteria,Bacillota,Clostridia,Lachnospirales,Lachnospiraceae,Lachnospiraceae UCG-007,0.0304937025942175,0.0199525830886107,0.0410348220998243
Bacteria,Bacillota,Clostridia,Lachnospirales,Lachnospiraceae,Lachnospiraceae NK3A20 group,0.0286457922057335,0.0031231261243254,0.0541684582871416
Bacteria,Bacillota,Clostridia,Clostridiales,Clostridiaceae,Sarcina,0.0282252866920868,0.0518247162944409,0.00462585708973266
Bacteria,Bacillota,Clostridia,Lachnospirales,Lachnospiraceae,GCA-900066575,0.0281972674228121,0.0272340963127651,0.029160438532859
Bacteria,Bacteroidota,Bacteroidia,Bacteroidales,Marinifilaceae,Gabonibacter,0.0273905039240671,0.0391672101213739,0.0156137977267604
Bacteria,Bacillota,Clostridia,Oscillospirales,Oscillospiraceae,Pseudoflavonifractor,0.027147662237985,0.0341377266695295,0.0201575978064405
Bacteria,Bacillota,Negativicutes,Veillonellales-Selenomonadales,Veillonellaceae,Allisonella,0.0256765641683369,0.0400642837114759,0.0112888446251979
Bacteria,Bacillota,Clostridia,Lachnospirales,Lachnospiraceae,Faecalimonas,0.0252001425352984,0.0150847610491221,0.0353155240214747
Bacteria,Pseudomonadota,Gammaproteobacteria,Burkholderiales,Sutterellaceae,Turicimonas,0.0242864323317702,0.0016339907141632,0.0469388739493772
Bacteria,Bacillota,Bacilli,Lactobacillales,Lactobacillaceae,Ligilactobacillus,0.0237942521141911,0.0400782865137804,0.00751021771460183
Bacteria,Bacillota,Clostridia,Lachnospirales,Lachnospiraceae,Lachnospiraceae FCS020 group,0.0230095913629234,0.0203615386579725,0.0256576440678743
Archaea,Methanobacteriota,Methanobacteria,Methanobacteriales,Methanobacteriaceae,Methanobrevibacter,0.0226011396619339,0.02337170823493,0.0218305710889378
Bacteria,Bacillota,Clostridia,Lachnospirales,Lachnospiraceae,Marvinbryantia,0.0224282824429088,0.0191083409749833,0.0257482239108342
Bacteria,Bacillota,Clostridia,Peptostreptococcales-Tissierellales,Anaerovoracaceae,Family XIII UCG-001,0.0223762356343281,0.0269435629808535,0.0178089082878027
Bacteria,Bacillota,Clostridia,Oscillospirales,Ruminococcaceae,Paludicola,0.0199953978948473,0.0111021661896102,0.0288886296000844
Bacteria,Bacillota,Bacilli,Lactobacillales,Streptococcaceae,Lactococcus,0.0189171832861491,0.0374827108157822,0.00035165575651606
Bacteria,Cyanobacteriota,Vampirivibrionia,Gastranaerophilales,Gastranaerophilaceae,Zag_111,0.0175316930290065,0.0338716803298807,0.0011917057281322
Bacteria,Bacillota,Bacilli,Erysipelotrichales,Erysipelotrichaceae,Solobacterium,0.0164556400529952,0.029055681486047,0.00385559861994336
Bacteria,Bacteroidota,Bacteroidia,Bacteroidales,Barnesiellaceae,Coprobacter,0.0160875170906213,0.013323870390956,0.0188511637902865
Bacteria,Bacillota,Clostridia,Lachnospirales,Lachnospiraceae,[Ruminococcus] gnavus group,0.0159195334237046,0.00253207264281623,0.029306994204593
Bacteria,Verrucomicrobiota,Lentisphaeria,Oligosphaerales,Oligosphaeraceae,Z20,0.0158822160567202,0.0309105632335456,0.000853868879894803
Bacteria,Bacillota,Clostridia,Lachnospirales,Lachnospiraceae,Howardella,0.0157301664704885,0.0171400263269866,0.0143203066139905
Bacteria,Actinomycetota,Coriobacteriia,Coriobacteriales,Coriobacteriaceae,Collinsella,0.0155969357500139,0.0147999273226976,0.0163939441773303
Bacteria,Bacillota,Bacilli,Lactobacillales,Lactobacillaceae,Weissella,0.0152825878971918,0.0257542564543805,0.00481091934000307
Bacteria,Bacillota,Bacilli,Erysipelotrichales,Erysipelotrichaceae,Holdemania,0.0145440833304577,0.0196570400423851,0.00943112661853037
Bacteria,Bacillota,Clostridia,Lachnospirales,Lachnospiraceae,Frisingicoccus,0.0144383285089776,0.0157621026845772,0.0131145543333779
Bacteria,Cyanobacteriota,Vampirivibrionia,Gastranaerophilales,Gastranaerophilaceae,CAG-196,0.0141206457436759,0.0254567069473652,0.00278458453998663
Bacteria,Pseudomonadota,Gammaproteobacteria,Burkholderiales,Oxalobacteraceae,Oxalobacter,0.0136194489333015,0.0171230148720105,0.0101158829945924
Bacteria,Bacillota,Bacilli,Erysipelotrichales,Erysipelotrichaceae,Erysipelotrichaceae UCG-006,0.0134559668008579,0.0235182146910405,0.00339371891067525
Bacteria,Pseudomonadota,Gammaproteobacteria,Enterobacterales,Pasteurellaceae,Haemophilus,0.0131907389605463,0.00881140892019145,0.0175700690009012
Bacteria,Bacillota,Bacilli,Erysipelotrichales,Erysipelatoclostridiaceae,Longibaculum,0.0129426081529603,0.024697307391121,0.00118790891479952
Bacteria,Bacillota,Clostridia,Eubacteriales,Eubacteriaceae,Eubacterium,0.011855889878263,0.0206508365855815,0.00306094317094458
Bacteria,Bacillota,Clostridia,Oscillospirales,Ruminococcaceae,[Clostridium] methylpentosum group,0.0113126784087941,0.0100107516413468,0.0126146051762415
Bacteria,Bacillota,Clostridia,Oscillospirales,Oscillospiraceae,UCG-007,0.0108613405389636,0.00919431831141488,0.0125283627665123
Bacteria,Bacillota,Negativicutes,Veillonellales-Selenomonadales,Veillonellaceae,Veillonella,0.0107287634063925,0.00536898079810282,0.0160885460146822
Bacteria,Bacillota,Clostridia,Lachnospirales,Defluviitaleaceae,Defluviitaleaceae UCG-011,0.0101090346499965,0.00545578872709717,0.0147622805728958
Bacteria,Bacillota,Clostridia,Lachnospirales,Lachnospiraceae,Eisenbergiella,0.010094013002035,0.0109026694053797,0.00928535659869024
Bacteria,Pseudomonadota,Gammaproteobacteria,Enterobacterales,Succinivibrionaceae,Succinatimonas,0.0100656112789686,0.00689004780091273,0.0132411747570244
Bacteria,Bacillota,Clostridia,Lachnospirales,Lachnospiraceae,Hungatella,0.00984334412285856,0.00591483202787239,0.0137718562178447
Bacteria,Bacteroidota,Bacteroidia,Bacteroidales,Prevotellaceae,Prevotella,0.0095282935915982,0.0176226591291847,0.00143392805401171
Bacteria,Synergistota,Synergistia,Synergistales,Synergistaceae,Cloacibacillus,0.00950619049610519,0.00458009526715625,0.0144322857250541
Bacteria,Bacillota,Bacilli,Erysipelotrichales,Erysipelotrichaceae,[Clostridium] innocuum group,0.00922817607279071,0.0163253286178383,0.00213102352774308
Bacteria,Bacillota,Clostridia,Oscillospirales,Ruminococcaceae,Anaerotruncus,0.00821230607009252,0.00336843057662842,0.0130561815635566
Bacteria,Bacillota,Bacilli,Erysipelotrichales,Erysipelotrichaceae,Catenisphaera,0.007897557897836,0.0087970230571488,0.0069980927385232
Bacteria,Bacillota,Clostridia,Lachnospirales,Lachnospiraceae,Tyzzerella,0.00782587810625268,0.0144265390149112,0.00122521719759412
Bacteria,Bacillota,Clostridia,Peptostreptococcales-Tissierellales,Peptostreptococcaceae,Intestinibacter,0.00764231053642954,0.00800736921884325,0.00727725185401584
Bacteria,Actinomycetota,Coriobacteriia,Coriobacteriales,Eggerthellaceae,Senegalimassilia,0.00757288899111223,0.00923321939020601,0.00591255859201845
Bacteria,Bacillota,Clostridia,Lachnospirales,Lachnospiraceae,Lachnospiraceae UCG-009,0.00707667583174447,0.00354397794882901,0.0106093737146599
Bacteria,Bacillota,Clostridia,Oscillospirales,Oscillospiraceae,Papillibacter,0.00679608038522358,0.00474336145259577,0.0088487993178514
Bacteria,Bacillota,Clostridia,Oscillospirales,Ruminococcaceae,Subdoligranulum,0.00648761380879689,0.00988934360825898,0.0030858840093348
Bacteria,Actinomycetota,Coriobacteriia,Coriobacteriales,Atopobiaceae,Coriobacteriaceae UCG-003,0.00622972987383298,0.00455635486424395,0.00790310488342201
Bacteria,Bacillota,Clostridia,Oscillospirales,Ruminococcaceae,DTU089,0.00599158471155278,0.00379261061093623,0.00819055881216934
Bacteria,Bacteroidota,Bacteroidia,Bacteroidales,Prevotellaceae,Prevotellaceae UCG-004,0.00594175724214559,0.000999400359784129,0.0108841141245071
Archaea,Methanobacteriota,Methanobacteria,Methanobacteriales,Methanobacteriaceae,Methanosphaera,0.00592556790308444,0.00750973459232085,0.00434140121384804
Bacteria,Bacillota,Clostridia,Peptostreptococcales-Tissierellales,Anaerovoracaceae,Mogibacterium,0.00583694549787874,0.00715038947429606,0.00452350152146142
Bacteria,Bacillota,Clostridia,Oscillospirales,Ruminococcaceae,Phocea,0.00578475680730347,0.0046551273198389,0.00691438629476803
Bacteria,Bacillota,Clostridia,Oscillospirales,Ruminococcaceae,Hydrogenoanaerobacterium,0.00576026883496024,0.00377112679416825,0.00774941087575222
Bacteria,Bacillota,Clostridia,Lachnospirales,Lachnospiraceae,Extibacter,0.0057420109579322,0.00150593337750738,0.00997808853835702
Bacteria,Actinomycetota,Coriobacteriia,Coriobacteriales,Eggerthellaceae,Slackia,0.00556397184822784,0.00572353308134989,0.00540441061510579
Bacteria,Bacillota,Bacilli,Lactobacillales,Enterococcaceae,Enterococcus,0.00527100665883556,0,0.0105420133176711
Bacteria,Pseudomonadota,Gammaproteobacteria,Enterobacterales,Enterobacteriaceae,Raoultella,0.00486463536635315,0,0.0097292707327063
Bacteria,Bacillota,Clostridia,Oscillospirales,Ruminococcaceae,Anaerofilum,0.00416128428478039,0.00282171568573225,0.00550085288382853
Bacteria,Actinomycetota,Coriobacteriia,Coriobacteriales,Eggerthellaceae,Eggerthella,0.00334988791141872,0,0.00669977582283744
Bacteria,Bacillota,Clostridia,Peptostreptococcales-Tissierellales,Peptostreptococcaceae,Terrisporobacter,0.00312725536994309,0.00570624508690179,0.000548265652984393
Bacteria,Bacillota,Bacilli,Erysipelotrichales,Erysipelotrichaceae,Dielma,0.00303928502730798,0.00300562482537599,0.00307294522923998
Bacteria,Bacillota,Bacilli,Lactobacillales,Lactobacillaceae,Leuconostoc,0.00280006476574552,0.00117316906324251,0.00442696046824853
Bacteria,Bacillota,Clostridia,Lachnospirales,Lachnospiraceae,UC5-1-2E3,0.00264829693615818,0.0025098889625123,0.00278670490980406
Bacteria,Bacillota,Clostridia,Oscillospirales,Butyricicoccaceae,UCG-008,0.00239351317732509,0.00478702635465017,0
Bacteria,Bacillota,Clostridia,Oscillospirales,Ruminococcaceae,Harryflintia,0.00211618143996647,0.000602373351002952,0.00362998952892999
Bacteria,Bacillota,Clostridia,Oscillospirales,Ethanoligenenaceae,Acetanaerobacterium,0.0018995436733889,0.00331320974332343,0.000485877603454365
Bacteria,Bacillota,Clostridia,Oscillospirales,Oscillospiraceae,Ruminiclostridium,0.00171079083409305,0.00238296397391738,0.00103861769426872
Bacteria,Bacillota,Clostridia,Peptostreptococcales-Tissierellales,Anaerovoracaceae,[Eubacterium] brachy group,0.00168430793091702,0.00188129278823742,0.00148732307359662
Bacteria,Bacillota,Clostridia,Oscillospirales,Ruminococcaceae,Caproiciproducens,0.00164633420784357,0.000764702860210609,0.00252796555547654
Archaea,Thermoplasmatota,Thermoplasmata,Methanomassiliicoccales,Methanomethylophilaceae,Candidatus Methanogranum,0.00161040303644011,0.00195430827258692,0.00126649780029329
Bacteria,Actinomycetota,Coriobacteriia,Coriobacteriales,Eggerthellaceae,Adlercreutzia,0.00151586889261374,0.000769168492172571,0.00226256929305491
Bacteria,Bacillota,Bacilli,Erysipelotrichales,Erysipelotrichaceae,Amedibacillus,0.00151027154753743,0.0026424641143758,0.000378078980699068
Bacteria,Bacteroidota,Bacteroidia,Bacteroidales,Prevotellaceae,Prevotellaceae NK3B31 group,0.00145319022239361,0,0.00290638044478723
Bacteria,Bacillota,Clostridia,Lachnospirales,Lachnospiraceae,Sellimonas,0.00123584137419535,0,0.00247168274839071
Bacteria,Bacteroidota,Bacteroidia,Bacteroidales,Prevotellaceae,Hoylesella,0.00104108657782922,0.00170672449450836,0.000375448661150074
Bacteria,Bacillota,Clostridia,Christensenellales,Christensenellaceae,Christensenella,0.00103447955866756,0.000702768909503444,0.00136619020783169
Bacteria,Bacillota,Bacilli,Lactobacillales,Lactobacillaceae,Lacticaseibacillus,0.000954007288658304,0.00102601184310813,0.000882002734208476
Bacteria,Bacillota,Bacilli,Erysipelotrichales,Erysipelatoclostridiaceae,Massiliomicrobiota,0.000901347171576986,0.000195430827258692,0.00160726351589528
Bacteria,Bacillota,Clostridia,Peptostreptococcales-Tissierellales,Family XI,Ezakiella,0.000900709784099867,0.0014825064241945,0.00031891314400523
Bacteria,Bacillota,Clostridia,Oscillospirales,Butyricicoccaceae,Butyricicoccus,0.000814154044171132,0,0.00162830808834226
Bacteria,Bacillota,Bacilli,Lactobacillales,Carnobacteriaceae,Granulicatella,0.000798030583994258,0.0013960878311001,0.000199973336888415
Bacteria,Actinomycetota,Coriobacteriia,Coriobacteriales,Eggerthellaceae,Asaccharobacter,0.000653135243924261,0.000439719361332056,0.000866551126516465
Bacteria,Bacillota,Clostridia,Lachnospirales,Lachnospiraceae,GCA-900066755,0.000610416491067069,0,0.00122083298213414
Bacteria,Bacteroidota,Bacteroidia,Bacteroidales,Rikenellaceae,Rikenella,0.000582055382273962,0.000667129240941159,0.000496981523606765
Bacteria,Bacillota,Bacilli,Erysipelotrichales,Erysipelotrichaceae,Faecalitalea,0.000561424603952785,0.00112284920790557,0
Bacteria,Actinomycetota,Coriobacteriia,Coriobacteriales,Atopobiaceae,Parolsenella,0.000539098281349406,0.000416137824847589,0.000662058737851222
Bacteria,Bacillota,Clostridia,Lachnospirales,Lachnospiraceae,Anaerotignum,0.000495304012486469,0,0.000990608024972939
Bacteria,Actinomycetota,Coriobacteriia,Coriobacteriales,Atopobiaceae,Tractidigestivibacter,0.000437591258529402,0.000719748545409961,0.000155433971648844
Bacteria,Bacillota,Bacilli,Erysipelotrichales,Erysipelotrichaceae,Merdibacter,0.000393331403094695,0.000288051618850098,0.000498611187339291
Bacteria,Actinomycetota,Coriobacteriia,Coriobacteriales,Atopobiaceae,Olsenella,0.000246581129202751,0.000493162258405502,0
NA,NA,NA,NA,NA,Unassigned,17.0813331589887,17.4540818245324,16.7085844934451
