"Variable","Category","Value"
"Patients","","20"
"Sex","M","13 (65.0%)"
"Sex","W","7 (35.0%)"
"Age (years)","mean ± SD","50.0 ± 16.2"
"Age (years)","median (IQR; min-max)","50.0 (37.0-64.0; 22-73)"
"Clinical form","BL","18 (90.0%)"
"Clinical form","LL","2 (10.0%)"
"Adverse reaction (up to T12)","ENL","2 (10.0%)"
"Adverse reaction (up to T12)","N","11 (55.0%)"
"Adverse reaction (up to T12)","RR","7 (35.0%)"
"Replacement treatment (ATS)","N","11 (55.0%)"
"Replacement treatment (ATS)","Y","9 (45.0%)"
"Other medications (OM)","N","2 (10.0%)"
"Other medications (OM)","Y","18 (90.0%)"
