"Category","n","T0_median_IQR_range","T12_median_IQR_range","p_value"
"Calories (kcal)",16,"1431.17 (1322.92-1626.67; 992.00-2077.33)","1557.00 (1346.58-2178.50; 1035.00-2590.33)",0.205
"Carbohydrates (g)",16,"185.17 (152.25-240.67; 105.00-298.67)","203.17 (188.00-269.08; 163.00-377.33)",0.245
"Cholesterol (mg)",16,"218.83 (73.67-240.58; 20.67-297.00)","200.17 (45.00-299.25; 0.00-700.67)",0.776
"Dietary fiber (g)",16,"18.50 (14.00-22.33; 8.33-54.67)","25.83 (16.42-28.17; 2.00-94.67)",0.32
"Fat (g)",16,"43.50 (39.17-52.08; 18.33-83.33)","45.33 (30.92-55.75; 15.00-110.67)",0.66
"Protein (g)",16,"88.83 (58.25-108.67; 47.00-387.33)","83.50 (62.83-107.17; 36.00-195.67)",0.979
"Saturated (g)",16,"8.50 (7.50-15.67; 3.33-25.33)","9.33 (6.00-18.00; 0.67-35.00)",0.938
"Sucrose (g)",16,"37.50 (16.50-50.58; 3.33-71.67)","31.67 (18.58-53.83; 0.33-84.00)",1
"Trans (g)",16,"0.33 (0.00-0.67; 0.00-1.33)","0.50 (0.00-1.67; 0.00-23.00)",0.182
