"","input","filtered","denoised","nonchim"
"MD02-1",56680,45909,45269,41718
"MD02-2",97535,76909,75349,63968
"MD03-1",58818,47248,46534,42934
"MD03-2",68284,50642,49968,45616
"MD04-1",65612,41524,41246,40352
"MD04-2",59098,46348,45479,40001
"MD05-1",139329,115898,115023,103495
"MD05-2",98473,79473,78888,75816
"MD06-1",76415,58012,56701,50833
"MD06-2",91881,72388,71290,59858
"MD07-1",71284,54485,53383,43715
"MD07-2",99983,77636,76441,66053
"MD09-1",26713,20262,19607,18229
"MD09-2",105449,82294,81119,70482
"MD10-1",80352,59777,58809,51476
"MD10-2",83848,65056,63868,56389
"MD11-1",84624,58468,57691,51912
"MD11-2",68326,48495,47374,43708
"MD14-2",96018,78244,77928,71636
"MD15-1",76477,61125,60053,52969
"MD15-2",88441,67721,66039,55393
"MD16-1",90258,70772,69425,58469
"MD16-2",87255,68191,67056,53705
"MD17-1",70216,52586,51709,47954
"MD18-1",76516,60884,60522,51842
"MD18-2",294098,235644,234308,172249
"MD01-1",55229,43126,42198,39398
"MD01-2",55544,42216,41243,38680
"MD12-1",53970,45980,45764,44019
"MD12-2",56453,48391,47917,46049
"MD14-1",59049,49895,49611,42499
"MD17-2",65822,50682,50088,48360
"MD21-1",73336,55925,55522,53494
"MD21-2",68647,55008,54347,52509
"MD22-1",72400,60743,59972,57585
"MD22-2",68722,56514,55812,49933
"MD23-1",59820,50030,49731,46472
"MD23-2",71157,60287,60024,53527
"MD24-1",69825,56537,55897,53433
"MD24-2",102978,81519,81076,66962
