script	start_utc	end_utc	exit_code
00_Clinical_Sociodemographic	2026-09-28T01:34:14Z	2026-09-28T01:34:14Z	0
01_preprocessing_272_2runs	2026-09-28T01:34:14Z	2026-09-28T01:48:58Z	0
02_Prepare_phyloseq	2026-09-28T01:48:58Z	2026-09-28T01:49:04Z	0
03_Explore_data	2026-09-28T01:49:04Z	2026-09-28T01:49:17Z	0
04_Microbiome_overview	2026-09-28T01:49:17Z	2026-09-28T01:49:21Z	0
05_Community_composition	2026-09-28T01:49:21Z	2026-09-28T01:49:26Z	0
06_Alpha_diversity	2026-09-28T01:49:26Z	2026-09-28T01:49:57Z	0
07_Beta_diversity	2026-09-28T01:49:57Z	2026-09-28T01:50:12Z	0
08_Differential_Abundance	2026-09-28T01:50:12Z	2026-09-28T01:59:00Z	0
09_Beta_diversity_Adv_reaction	2026-09-28T01:59:00Z	2026-09-28T01:59:08Z	0
10_Diet	2026-09-28T01:59:08Z	2026-09-28T01:59:09Z	0
