"Package","Version","Built"
"abind","1.4-8","4.5.1"
"ade4","1.7-24","4.5.3"
"ANCOMBC","2.14.0","4.5.3"
"ape","5.8-1","4.5.1"
"askpass","1.2.1","4.5.1"
"assertthat","0.2.1","4.5.1"
"assorthead","1.4.0","4.5.2"
"backports","1.5.1","4.5.3"
"base","4.5.2","4.5.2"
"base64enc","0.1-6","4.5.2"
"bayesm","3.1-7","4.5.2"
"beachmat","2.26.0","4.5.2"
"beeswarm","0.4.0","4.5.1"
"BH","1.90.0-1","4.5.2"
"bibtex","0.5.3","4.5.3"
"Biobase","2.70.0","4.5.2"
"BiocBaseUtils","1.12.0","4.5.2"
"BiocGenerics","0.56.0","4.5.2"
"BiocManager","1.30.27","4.5.2"
"BiocNeighbors","2.4.0","4.5.2"
"BiocParallel","1.44.0","4.5.2"
"BiocSingular","1.26.1","4.5.2"
"biomformat","1.38.3","4.5.3"
"Biostrings","2.78.0","4.5.2"
"bit","4.6.0","4.5.1"
"bit64","4.8.6","4.5.3"
"bitops","1.1-0","4.5.3"
"bluster","1.20.0","4.5.2"
"boot","1.3-32","4.5.1"
"broom","1.0.13","4.5.3"
"broom.helpers","1.22.0","4.5.1"
"bslib","0.12.0","4.5.3"
"ca","0.72","4.5.3"
"cachem","1.1.0","4.5.1"
"Cairo","1.7-0","4.5.2"
"cards","0.9.0","4.5.3"
"cellranger","1.1.0","4.5.1"
"checkmate","2.3.3","4.5.1"
"cigarillo","1.0.0","4.5.2"
"circlize","0.4.18","4.5.3"
"class","7.3-24","4.5.3"
"cli","3.6.6","4.5.3"
"clipr","0.8.1","4.5.3"
"clue","0.3-68","4.5.3"
"cluster","2.1.8.3","4.5.3"
"codetools","0.2-20","4.5.1"
"colorspace","2.1-3","4.5.3"
"commonmark","2.0.0","4.5.1"
"compiler","4.5.2","4.5.2"
"ComplexHeatmap","2.26.1","4.5.2"
"compositions","2.0-9","4.5.1"
"cowplot","1.2.0","4.5.1"
"cpp11","0.5.5","4.5.3"
"crayon","1.5.3","4.5.1"
"crosstalk","1.2.2","4.5.1"
"crul","1.6.0","4.5.1"
"curl","8.0.0","4.5.3"
"dada2","1.38.0","4.5.2"
"data.table","1.18.6.1","4.5.3"
"datasets","4.5.2","4.5.2"
"DBI","1.3.0","4.5.2"
"DECIPHER","3.6.0","4.5.2"
"decontam","1.30.0","4.5.2"
"DelayedArray","0.36.1","4.5.3"
"DelayedMatrixStats","1.32.0","4.5.2"
"deldir","2.0-4","4.5.1"
"DEoptimR","1.2-1","4.5.3"
"DescTools","0.99.60","4.5.1"
"digest","0.6.39","4.5.2"
"DirichletMultinomial","1.52.0","4.5.2"
"doParallel","1.0.17","4.5.1"
"doRNG","1.8.6.3","4.5.2"
"dplyr","1.2.1","4.5.3"
"dqrng","0.3.2","4.5.1"
"DT","0.34.0","4.5.1"
"e1071","1.7-17","4.5.2"
"easyCODA","0.40.2","4.5.2"
"ecodist","2.1.3","4.5.1"
"ecodive","2.2.6","4.5.3"
"ellipse","0.5.0","4.5.2"
"ellipsis","0.3.3","4.5.3"
"emmeans","2.0.4","4.5.3"
"energy","1.7-12","4.5.1"
"estimability","2.0.0","4.5.3"
"evaluate","1.0.5","4.5.1"
"Exact","3.3","4.5.1"
"expm","1.0-0","4.5.1"
"fansi","1.0.7","4.5.2"
"farver","2.1.2","4.5.1"
"fastmap","1.2.0","4.5.1"
"fillpattern","1.0.4","4.5.3"
"FNN","1.1.4.1","4.5.1"
"fontawesome","0.5.3","4.5.1"
"fontBitstreamVera","0.1.1","4.5.1"
"fontLiberation","0.1.0","4.5.1"
"fontquiver","0.2.1","4.5.1"
"forcats","1.0.1","4.5.1"
"foreach","1.5.2","4.5.1"
"foreign","0.8-91","4.5.2"
"formatR","1.14","4.5.1"
"Formula","1.2-6","4.5.3"
"fs","2.1.0","4.5.3"
"futile.logger","1.4.9","4.5.2"
"futile.options","1.0.1","4.5.1"
"gbRd","0.4.12","4.5.1"
"gclus","1.3.3","4.5.1"
"gdtools","0.5.1","4.5.3"
"generics","0.1.4","4.5.1"
"GenomicAlignments","1.46.0","4.5.2"
"GenomicRanges","1.62.1","4.5.2"
"GetoptLong","1.1.1","4.5.3"
"gfonts","0.2.1","4.5.3"
"GGally","2.4.0","4.5.1"
"ggbeeswarm","0.7.3","4.5.2"
"ggforce","0.5.0","4.5.1"
"ggiraph","0.9.6","4.5.3"
"ggnewscale","0.5.2","4.5.1"
"ggplot2","4.0.3","4.5.3"
"ggraph","2.2.2","4.5.2"
"ggrastr","1.0.2","4.5.1"
"ggrepel","0.9.8","4.5.3"
"ggstats","0.14.0","4.5.3"
"ggtext","0.2.0","4.5.3"
"gld","2.6.8","4.5.1"
"GlobalOptions","0.1.4","4.5.3"
"glue","1.8.1","4.5.3"
"graphics","4.5.2","4.5.2"
"graphlayouts","1.2.5","4.5.3"
"grDevices","4.5.2","4.5.2"
"grid","4.5.2","4.5.2"
"gridExtra","2.3.1","4.5.3"
"gridtext","0.1.6","4.5.2"
"gsl","2.1-9","4.5.2"
"gtable","0.3.6","4.5.1"
"gtools","3.9.5","4.5.1"
"haven","2.5.5","4.5.1"
"hexbin","1.28.6","4.5.3"
"highr","0.12","4.5.2"
"Hmisc","5.3-0","4.5.3"
"hms","1.1.4","4.5.1"
"htmlTable","2.5.0","4.5.3"
"htmltools","0.5.9","4.5.2"
"htmlwidgets","1.6.4","4.5.1"
"httpcode","0.3.0","4.5.1"
"httpuv","1.6.17","4.5.3"
"httr","1.4.9","4.5.3"
"hwriter","1.3.2.1","4.5.1"
"igraph","2.3.3","4.5.3"
"insight","1.5.4","4.5.3"
"interp","1.1-6","4.5.1"
"IRanges","2.44.0","4.5.2"
"irlba","2.3.7","4.5.2"
"isoband","0.3.0","4.5.2"
"iterators","1.0.14","4.5.1"
"jpeg","0.1-11","4.5.1"
"jquerylib","0.1.4","4.5.1"
"jsonlite","2.0.0","4.5.1"
"knitr","1.52","4.5.3"
"labeling","0.4.3","4.5.1"
"labelled","2.16.1","4.5.3"
"lambda.r","1.2.4","4.5.1"
"later","1.4.8","4.5.2"
"lattice","0.23-1","4.5.3"
"latticeExtra","0.6-31","4.5.1"
"lazyeval","0.2.3","4.5.3"
"lifecycle","1.0.5","4.5.2"
"litedown","0.10","4.5.3"
"lme4","2.0-6","4.5.3"
"lmerTest","3.2-1","4.5.2"
"lmom","3.3","4.5.3"
"magrittr","2.0.5","4.5.3"
"markdown","2.0","4.5.1"
"MASS","7.3-66","4.5.3"
"Matrix","1.7-5","4.5.3"
"MatrixGenerics","1.22.0","4.5.2"
"matrixStats","1.5.0","4.5.1"
"memoise","2.0.1","4.5.1"
"methods","4.5.2","4.5.2"
"mgcv","1.9-4","4.5.2"
"mia","1.18.0","4.5.3"
"microbiome","1.32.0","4.5.2"
"microViz","0.13.1","4.5.2"
"mime","0.13","4.5.1"
"minqa","1.2.8","4.5.1"
"multcomp","1.4-32","4.5.3"
"MultiAssayExperiment","1.36.2","4.5.3"
"multtest","2.66.0","4.5.2"
"munsell","0.5.1","4.5.1"
"mvtnorm","1.4-2","4.5.3"
"NADA","1.6-1.2","4.5.1"
"nlme","3.1-170","4.5.3"
"nloptr","2.2.1","4.5.3"
"nnet","7.3-21","4.5.3"
"numDeriv","2016.8-1.1","4.5.1"
"openssl","2.4.2","4.5.3"
"otel","0.2.0","4.5.1"
"parallel","4.5.2","4.5.2"
"parallelly","1.48.0","4.5.3"
"patchwork","1.3.2","4.5.1"
"permute","0.9-10","4.5.2"
"pheatmap","1.0.13","4.5.1"
"phyloseq","1.54.2","4.5.3"
"pillar","1.11.1","4.5.1"
"pixmap","0.4-14","4.5.1"
"pkgconfig","2.0.3","4.5.1"
"pkgmaker","0.32.10","4.5.1"
"plotly","4.12.1","4.5.3"
"plyr","1.8.9","4.5.1"
"png","0.1-9","4.5.3"
"polyclip","1.10-7","4.5.1"
"prettyunits","1.2.0","4.5.1"
"progress","1.2.3","4.5.1"
"promises","1.5.0","4.5.2"
"proxy","0.4-29","4.5.2"
"purrr","1.2.2","4.5.3"
"pwalign","1.6.0","4.5.3"
"qap","0.1-2","4.5.1"
"quadprog","1.5-8","4.5.1"
"R6","2.6.1","4.5.1"
"ragg","1.5.2","4.5.3"
"rappdirs","0.3.4","4.5.2"
"rbibutils","2.4.1","4.5.3"
"rbiom","2.2.1","4.5.2"
"RColorBrewer","1.1-3","4.5.1"
"Rcpp","1.1.2","4.5.3"
"RcppAnnoy","0.0.23","4.5.2"
"RcppArmadillo","15.6.0-1","4.5.3"
"RcppEigen","0.3.4.0.2","4.5.1"
"RcppML","0.3.7.1","4.5.3"
"RcppParallel","5.1.11-2","4.5.2"
"RcppProgress","0.4.2","4.5.1"
"Rdpack","2.6.6","4.5.2"
"readr","2.2.0","4.5.2"
"readxl","1.5.0.1","4.5.3"
"reformulas","0.4.4","4.5.2"
"registry","0.5-1","4.5.1"
"rematch","2.0.0","4.5.1"
"remotes","2.5.0","4.5.1"
"reshape2","1.4.5","4.5.2"
"rhdf5","2.54.1","4.5.2"
"rhdf5filters","1.22.0","4.5.2"
"Rhdf5lib","1.32.0","4.5.2"
"Rhtslib","3.6.0","4.5.2"
"rjson","0.2.23","4.5.1"
"rlang","1.3.0","4.5.3"
"rmarkdown","2.32","4.5.3"
"rngtools","1.5.2","4.5.1"
"robustbase","0.99-7","4.5.2"
"rootSolve","1.8.2.4","4.5.1"
"rpart","4.1.27","4.5.3"
"Rsamtools","2.26.0","4.5.2"
"RSpectra","0.16-2","4.5.1"
"rstudioapi","0.19.0","4.5.3"
"rsvd","1.0.5","4.5.1"
"Rtsne","0.17","4.5.1"
"S4Arrays","1.10.1","4.5.2"
"S4Vectors","0.48.1","4.5.3"
"S7","0.2.2","4.5.3"
"sandwich","3.1-3","4.5.3"
"sass","0.4.10","4.5.1"
"ScaledMatrix","1.18.0","4.5.2"
"scales","1.4.0","4.5.1"
"scater","1.38.1","4.5.3"
"scuttle","1.20.0","4.5.2"
"Seqinfo","1.0.0","4.5.2"
"seriation","1.5.8","4.5.1"
"shape","1.4.6.1","4.5.1"
"shiny","1.14.0","4.5.3"
"ShortRead","1.68.0","4.5.2"
"SingleCellExperiment","1.32.0","4.5.2"
"sitmo","2.0.2","4.5.1"
"slam","0.1-56","4.5.3"
"snow","0.4-4","4.5.1"
"sourcetools","0.1.7-2","4.5.3"
"sp","2.2-3","4.5.3"
"SparseArray","1.10.10","4.5.3"
"sparseMatrixStats","1.22.0","4.5.2"
"splines","4.5.2","4.5.2"
"stats","4.5.2","4.5.2"
"stats4","4.5.2","4.5.2"
"stringi","1.8.9","4.5.3"
"stringr","1.6.0","4.5.2"
"SummarizedExperiment","1.40.0","4.5.2"
"survival","3.8-12","4.5.3"
"sys","3.4.3","4.5.1"
"systemfonts","1.3.2","4.5.2"
"tcltk","4.5.2","4.5.2"
"tensorA","0.36.2.1","4.5.1"
"textshaping","1.0.5","4.5.2"
"TH.data","1.1-5","4.5.2"
"tibble","3.3.1","4.5.2"
"tidygraph","1.3.0","4.5.1"
"tidyr","1.3.2","4.5.2"
"tidyselect","1.2.1","4.5.1"
"tidytree","0.4.8","4.5.3"
"tinytex","0.60","4.5.3"
"tools","4.5.2","4.5.2"
"treeio","1.34.0","4.5.2"
"TreeSummarizedExperiment","2.18.0","4.5.2"
"triebeard","0.4.1","4.5.1"
"truncnorm","1.0-9","4.5.1"
"TSP","1.2.7","4.5.3"
"tweenr","2.0.3","4.5.1"
"tzdb","0.5.0","4.5.1"
"urltools","1.7.3.1","4.5.1"
"utf8","1.2.6","4.5.1"
"utils","4.5.2","4.5.2"
"uwot","0.2.5","4.5.3"
"vctrs","0.7.3","4.5.3"
"vegan","2.7-5","4.5.3"
"vipor","0.4.7","4.5.1"
"viridis","0.6.5","4.5.1"
"viridisLite","0.4.3","4.5.2"
"vroom","1.7.1","4.5.3"
"withr","3.0.3","4.5.3"
"xfun","0.60","4.5.3"
"xml2","1.6.0","4.5.3"
"xtable","1.8-8","4.5.2"
"XVector","0.50.0","4.5.2"
"yaml","2.3.12","4.5.2"
"yulab.utils","0.2.5","4.5.3"
"zCompositions","1.6.2","4.5.3"
"zoo","1.9-0","4.5.3"
